Rv0001;Rv0001
Rv0001;Rv0002
Rv0001;Rv0003
Rv0001;Rv3396c
Rv0001;Rv3411c
Rv0117;Rv0117
Rv0117;Rv1908c
Rv0117;Rv2428
Rv0117;Rv3913
Rv0144;Rv0144
Rv0212c;Rv0573c
Rv0212c;Rv1595
Rv0302;Rv0262c
Rv0302;Rv1522c
Rv0353;Rv0251c
Rv0353;Rv0252
Rv0353;Rv0350
Rv0353;Rv0384c
Rv0353;Rv0385
Rv0485;Rv0485
Rv0485;Rv1018c
Rv0485;Rv1692
Rv0485;Rv3332
Rv0485;Rv3436c
Rv0491;Rv0073
Rv0491;Rv0490
Rv0491;Rv0491
Rv0491;Rv0820
Rv0491;Rv0821c
Rv0491;Rv0930
Rv0491;Rv0934
Rv0491;Rv0935
Rv0491;Rv0938
Rv0491;Rv0986
Rv0491;Rv1281c
Rv0491;Rv1680
Rv0491;Rv2368c
Rv0494;Rv0144
Rv0494;Rv0173
Rv0494;Rv0494
Rv0494;Rv0572c
Rv0586;Rv0860
Rv0586;Rv1074c
Rv0735;Rv0735
Rv0735;Rv1139c
Rv0735;Rv1660
Rv0735;Rv2878c
Rv0844c;Rv0529
Rv0844c;Rv1677
Rv0844c;Rv3547
Rv0967;Rv0967
Rv0967;Rv0968
Rv0967;Rv0969
Rv0981;Rv0981
Rv0981;Rv0983
Rv0981;Rv1221
Rv0981;Rv2710
Rv1027c;Rv1029
Rv1027c;Rv1030
Rv1027c;Rv1031
Rv1033c;Rv1033c
Rv1033c;Rv1057
Rv1221;Rv0251c
Rv1221;Rv0252
Rv1221;Rv0467
Rv1221;Rv0468
Rv1221;Rv0563
Rv1221;Rv0980c
Rv1221;Rv0981
Rv1221;Rv1019
Rv1221;Rv1057
Rv1221;Rv1071c
Rv1221;Rv1072
Rv1221;Rv1127c
Rv1221;Rv1130
Rv1221;Rv1329c
Rv1221;Rv1506c
Rv1221;Rv2053c
Rv1221;Rv2054
Rv1221;Rv2442c
Rv1221;Rv2443
Rv1221;Rv2710
Rv1221;Rv2745c
Rv1221;Rv3539
Rv1266c;Rv1267c
Rv1267c;Rv3793
Rv1267c;Rv3794
Rv1267c;Rv3795
Rv1316c;Rv0672
Rv1316c;Rv1316c
Rv1316c;Rv1317c
Rv1343c;Rv1343c
Rv1404;Rv1404
Rv1404;Rv1931c
Rv1657;Rv1383
Rv1657;Rv1652
Rv1657;Rv1654
Rv1657;Rv1655
Rv1657;Rv1656
Rv1657;Rv1657
Rv1657;Rv1659
Rv1657;Rv2141c
Rv1657;Rv1384
Rv1785c;Rv0252
Rv1785c;Rv0253
Rv1785c;Rv0467
Rv1785c;Rv1127c
Rv1785c;Rv1436
Rv1785c;Rv1437
Rv1785c;Rv1617
Rv1785c;Rv2847c
Rv1785c;Rv2995c
Rv1909c;Rv1909c
Rv1931c;Rv0670
Rv1931c;Rv1098c
Rv1931c;Rv1404
Rv1931c;Rv1447c
Rv1931c;Rv1931c
Rv1931c;Rv3846
Rv1956;Rv1956
Rv1985c;Rv0001
Rv1985c;Rv0002
Rv1985c;Rv0003
Rv1994c;Rv1994c
Rv2069;Rv0108c
Rv2069;Rv0144
Rv2069;Rv0231
Rv2069;Rv0287
Rv2069;Rv0643c
Rv2069;Rv0951
Rv2069;Rv1593c
Rv2069;Rv1731
Rv2069;Rv2031c
Rv2069;Rv2700
Rv2069;Rv2909c
Rv2069;Rv3058c
Rv2069;Rv3064c
Rv2069;Rv3068c
Rv2069;Rv3267
Rv2069;Rv3314c
Rv2069;Rv3462c
Rv2069;Rv3483c
Rv2069;Rv3584
Rv2069;Rv3649
Rv2358;Rv2358
Rv2358;Rv2359
Rv2359;Rv0105c
Rv2359;Rv0106
Rv2359;Rv0232
Rv2359;Rv0280
Rv2359;Rv0281
Rv2359;Rv0282
Rv2359;Rv0283
Rv2359;Rv0284
Rv2359;Rv0285
Rv2359;Rv0286
Rv2359;Rv0287
Rv2359;Rv0288
Rv2359;Rv0289
Rv2359;Rv0290
Rv2359;Rv0291
Rv2359;Rv0292
Rv2359;Rv1195
Rv2359;Rv1847
Rv2359;Rv1857
Rv2359;Rv1870c
Rv2359;Rv1928c
Rv2359;Rv1945
Rv2359;Rv2055c
Rv2359;Rv2056c
Rv2359;Rv2057c
Rv2359;Rv2058c
Rv2359;Rv2059
Rv2359;Rv2060
Rv2359;Rv2359
Rv2359;Rv2384
Rv2359;Rv2794c
Rv2359;Rv2990c
Rv2359;Rv3017c
Rv2359;Rv3019c
Rv2359;Rv3020c
Rv2359;Rv3022c
Rv2359;Rv3215
Rv2359;Rv3229c
Rv2359;Rv3612c
Rv2359;Rv3846
Rv2374c;Rv0439c
Rv2374c;Rv0440
Rv2374c;Rv0991c
Rv2374c;Rv3418c
Rv2711;Rv0003
Rv2711;Rv0105c
Rv2711;Rv0106
Rv2711;Rv0114
Rv2711;Rv0282
Rv2711;Rv0338c
Rv2711;Rv0451c
Rv2711;Rv0452
Rv2711;Rv0481c
Rv2711;Rv0482
Rv2711;Rv0524
Rv2711;Rv0669c
Rv2711;Rv0670
Rv2711;Rv1106c
Rv2711;Rv1343c
Rv2711;Rv1344
Rv2711;Rv1347c
Rv2711;Rv1348
Rv2711;Rv1519
Rv2711;Rv1846c
Rv2711;Rv1847
Rv2711;Rv1876
Rv2711;Rv1935c
Rv2711;Rv1936
Rv2711;Rv2033c
Rv2711;Rv2034
Rv2711;Rv2122c
Rv2711;Rv2123
Rv2711;Rv2336
Rv2711;Rv2383c
Rv2711;Rv2384
Rv2711;Rv2386c
Rv2711;Rv2518c
Rv2711;Rv2769c
Rv2711;Rv2862c
Rv2711;Rv2864c
Rv2711;Rv2865
Rv2711;Rv3402c
Rv2711;Rv3403c
Rv2711;Rv3424c
Rv2711;Rv3425
Rv2711;Rv3429
Rv2711;Rv3489
Rv2711;Rv3838c
Rv2711;Rv3839
Rv2711;Rv3841
Rv2711;Rv3197
Rv2720;Rv0054
Rv2720;Rv0058
Rv2720;Rv0071
Rv2720;Rv0336
Rv2720;Rv0515
Rv2720;Rv0949
Rv2720;Rv1000c
Rv2720;Rv1379
Rv2720;Rv1420
Rv2720;Rv1633
Rv2720;Rv1638
Rv2720;Rv1696
Rv2720;Rv1702c
Rv2720;Rv2100
Rv2720;Rv2343c
Rv2720;Rv2579
Rv2720;Rv2594c
Rv2720;Rv2703
Rv2720;Rv2719c
Rv2720;Rv2720
Rv2720;Rv2737c
Rv2720;Rv3074
Rv2720;Rv3370c
Rv2720;Rv3395c
Rv2720;Rv3776
Rv3080c;Rv1235
Rv3080c;Rv1237
Rv3080c;Rv1238
Rv3080c;Rv1328
Rv3080c;Rv1781c
Rv3080c;Rv2117
Rv3133c;Rv0079
Rv3133c;Rv0571c
Rv3133c;Rv0574c
Rv3133c;Rv1733c
Rv3133c;Rv1734c
Rv3133c;Rv1737c
Rv3133c;Rv1738
Rv3133c;Rv1813c
Rv3133c;Rv1996
Rv3133c;Rv2005c
Rv3133c;Rv2006
Rv3133c;Rv2007c
Rv3133c;Rv2031c
Rv3133c;Rv2032
Rv3133c;Rv2626c
Rv3133c;Rv2627c
Rv3133c;Rv2628
Rv3133c;Rv3127
Rv3133c;Rv3130c
Rv3133c;Rv3131
Rv3133c;Rv3134c
Rv3133c;Rv2006
Rv3223c;Rv0142
Rv3223c;Rv0251c
Rv3223c;Rv0252
Rv3223c;Rv0350
Rv3223c;Rv0355c
Rv3223c;Rv0384c
Rv3223c;Rv0385
Rv3223c;Rv0991c
Rv3223c;Rv1072
Rv3223c;Rv1221
Rv3223c;Rv1223
Rv3223c;Rv1334
Rv3223c;Rv1471
Rv3223c;Rv1535
Rv3223c;Rv1645c
Rv3223c;Rv1646
Rv3223c;Rv2308
Rv3223c;Rv2466c
Rv3223c;Rv2467
Rv3223c;Rv2699c
Rv3223c;Rv2700
Rv3223c;Rv2703
Rv3223c;Rv2710
Rv3223c;Rv3054c
Rv3223c;Rv3055
Rv3223c;Rv3206c
Rv3223c;Rv3223c
Rv3223c;Rv3463
Rv3223c;Rv3913
Rv3279c;Rv0089
Rv3279c;Rv1176c
Rv3279c;Rv1568
Rv3279c;Rv1589
Rv3286c;Rv0009
Rv3286c;Rv0011c
Rv3286c;Rv0012
Rv3286c;Rv0023
Rv3286c;Rv0205
Rv3286c;Rv0328
Rv3286c;Rv0360c
Rv3286c;Rv0430
Rv3286c;Rv0516c
Rv3286c;Rv0737
Rv3286c;Rv0893c
Rv3286c;Rv0962c
Rv3286c;Rv1092c
Rv3286c;Rv2118c
Rv3291c;Rv0032
Rv3291c;Rv0069c
Rv3291c;Rv0189c
Rv3291c;Rv0672
Rv3291c;Rv0884c
Rv3291c;Rv1281c
Rv3291c;Rv1282c
Rv3291c;Rv1559
Rv3291c;Rv1640c
Rv3291c;Rv1826
Rv3291c;Rv1832
Rv3291c;Rv2210c
Rv3291c;Rv2211c
Rv3291c;Rv2564
Rv3291c;Rv2987c
Rv3291c;Rv2988c
Rv3291c;Rv2995c
Rv3291c;Rv2996c
Rv3291c;Rv3002c
Rv3291c;Rv3003c
Rv3291c;Rv3080c
Rv3291c;Rv3291c
Rv3291c;Rv3360
Rv3291c;Rv3665c
Rv3291c;Rv3710
Rv3291c;Rv3858c
Rv3291c;Rv3859c
Rv3334;Rv0969
Rv3414c;Rv0341
Rv3414c;Rv1815
Rv3414c;Rv1884c
Rv3414c;Rv3414c
Rv3574;Rv0223c
Rv3574;Rv0551c
Rv3574;Rv0687
Rv3574;Rv0940c
Rv3574;Rv0953c
Rv3574;Rv1627c
Rv3574;Rv1628c
Rv3574;Rv1894c
Rv3574;Rv2799
Rv3574;Rv2800
Rv3574;Rv3492c
Rv3574;Rv3493c
Rv3574;Rv3494c
Rv3574;Rv3495c
Rv3574;Rv3496c
Rv3574;Rv3497c
Rv3574;Rv3498c
Rv3574;Rv3499c
Rv3574;Rv3500c
Rv3574;Rv3501c
Rv3574;Rv3502c
Rv3574;Rv3503c
Rv3574;Rv3515c
Rv3574;Rv3516
Rv3574;Rv3518c
Rv3574;Rv3519
Rv3574;Rv3520c
Rv3574;Rv3526
Rv3574;Rv3527
Rv3574;Rv3529c
Rv3574;Rv3530c
Rv3574;Rv3531c
Rv3574;Rv3534c
Rv3574;Rv3535c
Rv3574;Rv3536c
Rv3574;Rv3540c
Rv3574;Rv3541c
Rv3574;Rv3542c
Rv3574;Rv3543c
Rv3574;Rv3544c
Rv3574;Rv3545c
Rv3574;Rv3567c
Rv3574;Rv3568c
Rv3574;Rv3569c
Rv3574;Rv3570c
Rv3574;Rv3571
Rv3574;Rv3572
Rv3574;Rv3573c
Rv3574;Rv3574
Rv3575c;Rv0070c
Rv3575c;Rv0772
Rv3575c;Rv0777
Rv3575c;Rv0780
Rv3575c;Rv0803
Rv3575c;Rv0808
Rv3575c;Rv0809
Rv3575c;Rv0956
Rv3575c;Rv0957
Rv3575c;Rv1017c
Rv3575c;Rv1826
Rv3575c;Rv1832
Rv3575c;Rv2139
Rv3575c;Rv2211c
Rv3575c;Rv2919c
Rv3575c;Rv3275c
Rv3575c;Rv3276c
Rv3575c;Rv3396c
Rv3575c;Rv3411c
Rv3575c;Rv3575c
Rv3648c;Rv0006
Rv3676;Rv0002
Rv3676;Rv0006
Rv3676;Rv0009
Rv3676;Rv0019c
Rv3676;Rv0049
Rv3676;Rv0110
Rv3676;Rv0134
Rv3676;Rv0173
Rv3676;Rv0188
Rv3676;Rv0249c
Rv3676;Rv0256c
Rv3676;Rv0409
Rv3676;Rv0429c
Rv3676;Rv0451c
Rv3676;Rv0453
Rv3676;Rv0457c
Rv3676;Rv0458
Rv3676;Rv0462
Rv3676;Rv0478
Rv3676;Rv0483
Rv3676;Rv0485
Rv3676;Rv0572c
Rv3676;Rv0619
Rv3676;Rv0620
Rv3676;Rv0651
Rv3676;Rv0658c
Rv3676;Rv0680c
Rv3676;Rv0681
Rv3676;Rv0727c
Rv3676;Rv0754
Rv3676;Rv0805
Rv3676;Rv0851c
Rv3676;Rv0852
Rv3676;Rv0867c
Rv3676;Rv0884c
Rv3676;Rv0896
Rv3676;Rv0950c
Rv3676;Rv0951
Rv3676;Rv0952
Rv3676;Rv0996
Rv3676;Rv1092c
Rv3676;Rv1158c
Rv3676;Rv1159
Rv3676;Rv1185c
Rv3676;Rv1200
Rv3676;Rv1212c
Rv3676;Rv1213
Rv3676;Rv1230c
Rv3676;Rv1235
Rv3676;Rv1237
Rv3676;Rv1238
Rv3676;Rv1240
Rv3676;Rv1248c
Rv3676;Rv1256c
Rv3676;Rv1343c
Rv3676;Rv1386
Rv3676;Rv1387
Rv3676;Rv1405c
Rv3676;Rv1406
Rv3676;Rv1436
Rv3676;Rv1437
Rv3676;Rv1475c
Rv3676;Rv1538c
Rv3676;Rv1552
Rv3676;Rv1566c
Rv3676;Rv1581c
Rv3676;Rv1592c
Rv3676;Rv1692
Rv3676;Rv1719
Rv3676;Rv1759c
Rv3676;Rv1779c
Rv3676;Rv1780
Rv3676;Rv1810
Rv3676;Rv1976c
Rv3676;Rv1977
Rv3676;Rv1990c
Rv3676;Rv2077c
Rv3676;Rv2078
Rv3676;Rv2117
Rv3676;Rv2124c
Rv3676;Rv2215
Rv3676;Rv2220
Rv3676;Rv2239c
Rv3676;Rv2248
Rv3676;Rv2293c
Rv3676;Rv2294
Rv3676;Rv2336
Rv3676;Rv2342
Rv3676;Rv2359
Rv3676;Rv2385
Rv3676;Rv2396
Rv3676;Rv2406c
Rv3676;Rv2407
Rv3676;Rv2408
Rv3676;Rv2436
Rv3676;Rv2443
Rv3676;Rv2455c
Rv3676;Rv2485c
Rv3676;Rv2591
Rv3676;Rv2661c
Rv3676;Rv2699c
Rv3676;Rv2700
Rv3676;Rv2858c
Rv3676;Rv2986c
Rv3676;Rv3028c
Rv3676;Rv3029c
Rv3676;Rv3050c
Rv3676;Rv3063
Rv3676;Rv3080c
Rv3676;Rv3089
Rv3676;Rv3219
Rv3676;Rv3274c
Rv3676;Rv3295
Rv3676;Rv3302c
Rv3676;Rv3314c
Rv3676;Rv3316
Rv3676;Rv3318
Rv3676;Rv3319
Rv3676;Rv3332
Rv3676;Rv3396c
Rv3676;Rv3411c
Rv3676;Rv3454
Rv3676;Rv3516
Rv3676;Rv3525c
Rv3676;Rv3617
Rv3676;Rv3634c
Rv3676;Rv3635
Rv3676;Rv3650
Rv3676;Rv3652
Rv3676;Rv3676
Rv3676;Rv3696c
Rv3676;Rv3724A
Rv3676;Rv3729
Rv3676;Rv3843c
Rv3676;Rv3844
Rv3676;Rv3857c
Rv3676;Rv3879c
Rv3676;Rv3893c
Rv3744;Rv3744
Rv3855;Rv3854c
Rv1395;Rv0470c
Rv1395;Rv0667
Rv1395;Rv1251c
Rv1395;Rv1253
Rv1395;Rv1262c
Rv1395;Rv1263
Rv1395;Rv1394c
Rv1395;Rv1511
Rv1395;Rv2178c
Rv1395;Rv2198c
Rv1395;Rv2322c
Rv1395;Rv2728c
Rv1395;Rv2781c
Rv1395;Rv2908c
Rv1395;Rv3408
Rv1395;Rv3482c
Rv1395;Rv3816c
Rv1395;Rv3817
Rv1395;Rv1395
Rv0757;Rv0186
Rv0757;Rv3862c
Rv0757;Rv0250c
Rv0757;Rv0251c
Rv0757;Rv0440
Rv0757;Rv0467
Rv0757;Rv0468
Rv0757;Rv0677c
Rv0757;Rv0757
Rv0757;Rv0758
Rv0757;Rv0821c
Rv0757;Rv0847
Rv0757;Rv0967
Rv0757;Rv0968
Rv0757;Rv1180
Rv0757;Rv1184c
Rv0757;Rv1185c
Rv0757;Rv1217c
Rv0757;Rv1218c
Rv0757;Rv1219c
Rv0757;Rv1639c
Rv0757;Rv1687c
Rv0757;Rv1812c
Rv0757;Rv1986
Rv0757;Rv1996
Rv0757;Rv2137c
Rv0757;Rv2329c
Rv0757;Rv2376c
Rv0757;Rv2389c
Rv0757;Rv2390c
Rv0757;Rv2391
Rv0757;Rv2392
Rv0757;Rv2393
Rv0757;Rv2396
Rv0757;Rv2524c
Rv0757;Rv2590
Rv0757;Rv2621c
Rv0757;Rv2628
Rv0757;Rv2630
Rv0757;Rv2641
Rv0757;Rv2642
Rv0757;Rv2744c
Rv0757;Rv2780
Rv0757;Rv3127
Rv0757;Rv3129
Rv0757;Rv3132c
Rv0757;Rv3133c
Rv0757;Rv3137
Rv0757;Rv3141
Rv0757;Rv3143
Rv0757;Rv3146
Rv0757;Rv3147
Rv0757;Rv3148
Rv0757;Rv3155
Rv0757;Rv3161c
Rv0757;Rv3269
Rv0757;Rv3270
Rv0757;Rv3487c
Rv0757;Rv3822
Rv0757;Rv3825c
Rv0757;Rv3849
Rv0757;Rv3197
Rv0757;Rv3864
Rv0757;Rv3865
Rv0757;Rv3866
Rv0757;Rv3867
Rv0757;Rv3873
Rv0757;Rv3876
Rv0757;Rv3877
Rv0757;Rv3878
Rv0757;Rv3879c
Rv0757;Rv3880c
Rv0757;Rv3881c
Rv0757;Rv0469
Rv0757;Rv1040c
Rv0757;Rv3135
Rv0757;Rv3136
Rv0757;Rv3477
Rv0757;Rv0116c
Rv0757;Rv0206c
Rv0757;Rv0964c
Rv0757;Rv1179c
Rv0757;Rv1180
Rv0757;Rv1182
Rv0757;Rv1183
Rv0757;Rv1184c
Rv0757;Rv1185c
Rv0757;Rv1196
Rv0757;Rv1302
Rv0757;Rv1361c
Rv0757;Rv1638A
Rv0757;Rv1639c
Rv0757;Rv2289
Rv0757;Rv2329c
Rv0757;Rv2331
Rv0757;Rv2332
Rv0757;Rv2376c
Rv0757;Rv2391
Rv0757;Rv2396
Rv0757;Rv2590
Rv0757;Rv2632c
Rv0757;Rv2633c
Rv0757;Rv2987c
Rv0757;Rv3135
Rv0757;Rv3312A
Rv0757;Rv3312c
Rv0757;Rv3477
Rv0757;Rv3478
Rv0757;Rv3479
Rv0757;Rv3487c
Rv0757;Rv3612c
Rv0757;Rv3613c
Rv0757;Rv3614c
Rv0757;Rv3615c
Rv0757;Rv3616c
Rv0757;Rv3686c
Rv0757;Rv3767c
Rv0757;Rv3804c
Rv0757;Rv3822
Rv0757;Rv3823c
Rv0757;Rv3824c
Rv0757;Rv3825c
Rv0757;Rv0042c
Rv0757;Rv0213c
Rv0757;Rv0251c
Rv0757;Rv0263c
Rv0757;Rv0264c
Rv0757;Rv0278c
Rv0757;Rv0280
Rv0757;Rv0341
Rv0757;Rv0404
Rv0757;Rv0405
Rv0757;Rv0485
Rv0757;Rv0519c
Rv0757;Rv0520
Rv0757;Rv0584
Rv0757;Rv0597c
Rv0757;Rv0623
Rv0757;Rv0766c
Rv0757;Rv0782
Rv0757;Rv0835
Rv0757;Rv0847
Rv0757;Rv0962c
Rv0757;Rv1004c
Rv0757;Rv1039c
Rv0757;Rv1075c
Rv0757;Rv1128c
Rv0757;Rv1130
Rv0757;Rv1131
Rv0757;Rv1148c
Rv0757;Rv1214c
Rv0757;Rv1285
Rv0757;Rv1435c
Rv0757;Rv1505c
Rv0757;Rv1517
Rv0757;Rv1518
Rv0757;Rv1522c
Rv0757;Rv1525
Rv0757;Rv1527c
Rv0757;Rv1528c
Rv0757;Rv1574
Rv0757;Rv1615
Rv0757;Rv1651c
Rv0757;Rv1726
Rv0757;Rv1816
Rv0757;Rv1817
Rv0757;Rv1854c
Rv0757;Rv2009
Rv0757;Rv2010
Rv0757;Rv2165c
Rv0757;Rv2178c
Rv0757;Rv2254c
Rv0757;Rv2299c
Rv0757;Rv2654c
Rv0757;Rv2665
Rv0757;Rv2887
Rv0757;Rv2894c
Rv0757;Rv2930
Rv0757;Rv2931
Rv0757;Rv2932
Rv0757;Rv3219
Rv0757;Rv3268
Rv0757;Rv3350c
Rv0757;Rv3398c
Rv0757;Rv3402c
Rv0757;Rv3426
Rv0757;Rv3429
Rv0757;Rv3659c
Rv0757;Rv3768
Rv0757;Rv3862c
Rv0757;Rv3878
Rv0757;Rv3902c
Rv0491;Rv2780
Rv0491;Rv1622c
Rv0491;Rv1131
Rv0491;Rv1470
Rv0491;Rv0101
Rv0491;Rv1990c
Rv0491;Rv2669
Rv0491;Rv0103c
Rv0491;Rv3846
Rv0491;Rv2424c
Rv0491;Rv2647
Rv0491;Rv3750c
Rv0491;Rv1089
Rv0491;Rv0096
Rv0491;Rv3660c
Rv0491;Rv0097
Rv0491;Rv0516c
Rv0491;Rv0807
Rv0491;Rv1284
Rv0491;Rv1996
Rv0491;Rv2626c
Rv0491;Rv2638
Rv0491;Rv2668
Rv0491;Rv2337c
Rv0491;Rv2633c
Rv0491;Rv3572
Rv0491;Rv0098
Rv0491;Rv0100
Rv0491;Rv3749c
Rv0491;Rv3890c
Rv0491;Rv0271c
Rv0491;Rv0974c
Rv0491;Rv1346
Rv0491;Rv3140
Rv0491;Rv0183
Rv0491;Rv1714
Rv0491;Rv1812c
Rv0491;Rv2988c
Rv0491;Rv0803
Rv0491;Rv1355c
Rv0491;Rv2244
Rv0491;Rv3229c
Rv0491;Rv0129c
Rv0491;Rv2488c
Rv0491;Rv2308
Rv0491;Rv0491
Rv0491;Rv0651
Rv0491;Rv0705
Rv0491;Rv0706
Rv0491;Rv0707
Rv0491;Rv0710
Rv0491;Rv0058
Rv0491;Rv2594c
Rv0491;Rv3644c
Rv0491;Rv3711c
Rv0491;Rv2783c
Rv0491;Rv3419c
Rv0491;Rv1252c
Rv0491;Rv1518
Rv0491;Rv0867c
Rv0491;Rv1433
Rv0491;Rv1457c
Rv0491;Rv2040c
Rv0491;Rv2835c
Rv0491;Rv0351
Rv0491;Rv2428
Rv0491;Rv2429
Rv0491;Rv3100c
Rv0491;Rv1199c
Rv0491;Rv3023c
Rv0491;Rv1148c
Rv0491;Rv2650c
Rv0491;Rv0916c
Rv0491;Rv1195
Rv0491;Rv3020c
Rv0491;Rv2430c
Rv0491;Rv3310
Rv0491;Rv1713
Rv0491;Rv0282
Rv0491;Rv0312
Rv0491;Rv0647c
Rv0491;Rv0839
Rv0491;Rv1330c
Rv0491;Rv1592c
Rv0491;Rv1942c
Rv0491;Rv2757c
Rv0491;Rv2760c
Rv0491;Rv2866
Rv0491;Rv3353c
Rv0491;Rv3586
Rv0491;Rv2687c
Rv0491;Rv3587c
Rv0491;Rv0616c
Rv0491;Rv1116
Rv0491;Rv2274c
Rv0491;Rv3861
Rv0491;Rv0430
Rv0491;Rv1891
Rv3133c;Rv0079
Rv3133c;Rv0080
Rv3133c;Rv0081
Rv3133c;Rv0082
Rv3133c;Rv0083
Rv3133c;Rv0569
Rv3133c;Rv0570
Rv3133c;Rv0572c
Rv3133c;Rv0574c
Rv3133c;Rv1733c
Rv3133c;Rv1736c
Rv3133c;Rv1737c
Rv3133c;Rv1738
Rv3133c;Rv1812c
Rv3133c;Rv1813c
Rv3133c;Rv1996
Rv3133c;Rv1997
Rv3133c;Rv2003c
Rv3133c;Rv2004c
Rv3133c;Rv2005c
Rv3133c;Rv2006
Rv3133c;Rv2007c
Rv3133c;Rv2028c
Rv3133c;Rv2029c
Rv3133c;Rv2030c
Rv3133c;Rv2031c
Rv3133c;Rv2032
Rv3133c;Rv2623
Rv3133c;Rv2624c
Rv3133c;Rv2625c
Rv3133c;Rv2626c
Rv3133c;Rv2627c
Rv3133c;Rv2628
Rv3133c;Rv2629
Rv3133c;Rv2630
Rv3133c;Rv2631
Rv3133c;Rv2830c
Rv3133c;Rv3127
Rv3133c;Rv3129
Rv3133c;Rv3130c
Rv3133c;Rv3131
Rv3133c;Rv3132c
Rv3133c;Rv3133c
Rv3133c;Rv3134c
Rv3133c;Rv3841
Rv3133c;Rv0571c
Rv3133c;Rv1734c
Rv3133c;Rv3126c
Rv3133c;Rv3128c
Rv0586;Rv0586
Rv0586;Rv0587
Rv0586;Rv0588
Rv0586;Rv0589
Rv0586;Rv0670
Rv0586;Rv0590
Rv0586;Rv0591
Rv0586;Rv0592
Rv0586;Rv0594
Rv0586;Rv0671
Rv0586;Rv0672
Rv0586;Rv0673
Rv0586;Rv0674
Rv0586;Rv0675
Rv0348;Rv0167
Rv0348;Rv0168
Rv0348;Rv0169
Rv0348;Rv0170
Rv0348;Rv0171
Rv0348;Rv0172
Rv0348;Rv0173
Rv0348;Rv0174
Rv0348;Rv0175
Rv0348;Rv0176
Rv0348;Rv0177
Rv0348;Rv0684
Rv0348;Rv0685
Rv0348;Rv0700
Rv0348;Rv0701
Rv0348;Rv0702
Rv0348;Rv0703
Rv0348;Rv0704
Rv0348;Rv0705
Rv0348;Rv0706
Rv0348;Rv0707
Rv0348;Rv0708
Rv0348;Rv0709
Rv0348;Rv0710
Rv0348;Rv0718
Rv0348;Rv0719
Rv0348;Rv0720
Rv0348;Rv0721
Rv0348;Rv0722
Rv0348;Rv0723
Rv0348;Rv1184c
Rv0348;Rv1185c
Rv0348;Rv1613
Rv0348;Rv1614
Rv0348;Rv2391
Rv0348;Rv2392
Rv0348;Rv2948c
Rv0348;Rv2949c
Rv0348;Rv2950c
Rv0348;Rv3148
Rv0348;Rv3149
Rv0348;Rv3150
Rv0348;Rv3151
Rv0348;Rv3152
Rv0348;Rv3153
Rv0348;Rv3154
Rv0348;Rv3460c
Rv0348;Rv3824c
Rv0348;Rv3825c
Rv0348;Rv3921c
Rv0348;Rv3922c
Rv0348;Rv3923c
Rv0348;Rv3924c
Rv0348;Rv0823c
Rv0348;Rv0824c
Rv0348;Rv1622c
Rv0348;Rv1623c
Rv0348;Rv2031c
Rv0348;Rv2629
Rv0348;Rv2630
Rv0348;Rv3048c
Rv0348;Rv3053c
Rv0348;Rv3139
Rv0348;Rv3140
Rv0348;Rv0006
Rv0348;Rv0007
Rv0348;Rv0058
Rv0348;Rv0108c
Rv0348;Rv0145
Rv0348;Rv0166
Rv0348;Rv0249c
Rv0348;Rv0364
Rv0348;Rv0430
Rv0348;Rv0469
Rv0348;Rv0635
Rv0348;Rv0636
Rv0348;Rv0637
Rv0348;Rv0642c
Rv0348;Rv0667
Rv0348;Rv0988
Rv0348;Rv1182
Rv0348;Rv1183
Rv0348;Rv1198
Rv0348;Rv1297
Rv0348;Rv1298
Rv0348;Rv1535
Rv0348;Rv1643
Rv0348;Rv1794
Rv0348;Rv1810
Rv0348;Rv1826
Rv0348;Rv1883c
Rv0348;Rv1886c
Rv0348;Rv2067c
Rv0348;Rv2080
Rv0348;Rv2147c
Rv0348;Rv2190c
Rv0348;Rv2441c
Rv0348;Rv2840c
Rv0348;Rv2928
Rv0348;Rv2959c
Rv0348;Rv2986c
Rv0348;Rv3135
Rv0348;Rv3377c
Rv0348;Rv3456c
Rv0348;Rv3457c
Rv0348;Rv3461c
Rv0348;Rv3477
Rv0348;Rv3478
Rv0348;Rv3487c
Rv0348;Rv3600c
Rv0348;Rv3680
Rv0348;Rv3686c
Rv0348;Rv3763
Rv0348;Rv3783
Rv0348;Rv3806c
Rv0348;Rv3822
Rv0348;Rv3823c
Rv0348;Rv0079
Rv0348;Rv0129c
Rv0348;Rv0188
Rv0348;Rv0211
Rv0348;Rv0233
Rv0348;Rv0276
Rv0348;Rv0341
Rv0348;Rv0347
Rv0348;Rv0569
Rv0348;Rv0570
Rv0348;Rv0572c
Rv0348;Rv0677c
Rv0348;Rv0805
Rv0348;Rv0885
Rv0348;Rv0967
Rv0348;Rv0968
Rv0348;Rv1303
Rv0348;Rv1304
Rv0348;Rv1332
Rv0348;Rv1461
Rv0348;Rv1577c
Rv0348;Rv1733c
Rv0348;Rv1737c
Rv0348;Rv1738
Rv0348;Rv1813c
Rv0348;Rv1846c
Rv0348;Rv1894c
Rv0348;Rv1955
Rv0348;Rv1996
Rv0348;Rv1997
Rv0348;Rv2032
Rv0348;Rv2160c
Rv0348;Rv2193
Rv0348;Rv2280
Rv0348;Rv2495c
Rv0348;Rv2497c
Rv0348;Rv2557
Rv0348;Rv2623
Rv0348;Rv2624c
Rv0348;Rv2625c
Rv0348;Rv2626c
Rv0348;Rv2627c
Rv0348;Rv2628
Rv0348;Rv2780
Rv0348;Rv2846c
Rv0348;Rv3127
Rv0348;Rv3129
Rv0348;Rv3130c
Rv0348;Rv3131
Rv0348;Rv3230c
Rv0348;Rv3675
Rv0348;Rv3841
Rv0348;Rv3842c
Rv0348;Rv3854c
Rv0348;Rv0348
Rv0348;Rv3128
Rv2359;Rv0105c
Rv2359;Rv0106
Rv2359;Rv0232
Rv2359;Rv0280
Rv2359;Rv0281
Rv2359;Rv0282
Rv2359;Rv0283
Rv2359;Rv0284
Rv2359;Rv0285
Rv2359;Rv0286
Rv2359;Rv0287
Rv2359;Rv0288
Rv2359;Rv0289
Rv2359;Rv0290
Rv2359;Rv0291
Rv2359;Rv0292
Rv2359;Rv1195
Rv2359;Rv1857
Rv2359;Rv1870c
Rv2359;Rv2055c
Rv2359;Rv2056c
Rv2359;Rv2057c
Rv2359;Rv2058c
Rv2359;Rv2059
Rv2359;Rv2060
Rv2359;Rv2990c
Rv2359;Rv3017c
Rv2359;Rv3019c
Rv2359;Rv3020c
Rv2359;Rv3022c
Rv2359;Rv3229c
Rv2359;Rv3612c
Rv0117 ;Rv1907c 
Rv0117 ;Rv1908c 
Rv0117;Rv1909c 
Rv0117;Rv1910c 
Rv0117;Rv1911c 
Rv0117;Rv1912c 
Rv0117;Rv2930 
Rv0117;Rv2931 
Rv0117;Rv2932 
Rv0117;Rv2933 
Rv0117;Rv2934 
Rv0117;Rv2935 
Rv0117;Rv2936 
Rv0117;Rv2937 
Rv0117;Rv2938 
Rv0117;Rv2939 
Rv0117;Rv3537 
Rv0117 ;Rv3538 
Rv0260c;Rv1460 
Rv0260c;Rv1461 
Rv0260c;Rv1462 
Rv0260c;Rv1463 
Rv0260c;Rv1464 
Rv0260c;Rv1465 
Rv0260c Rv1466 
Rv0445c Rv0244c 
Rv0445c Rv0440 
Rv0445c Rv0551c 
Rv0445c Rv1460 
Rv0445c Rv1461 
Rv0445c Rv1462 
Rv0445c Rv1463 
Rv0445c Rv1464 
Rv0445c;Rv1465 
Rv0445c;Rv1466 
Rv0445c;Rv2930 
Rv0445c;Rv2931 
Rv0445c;Rv2932 
Rv0445c;Rv2933 
Rv0445c;Rv2934 
Rv0445c;Rv2935 
Rv0445c;Rv2936 
Rv0445c;Rv2937 
Rv0445c;Rv2938 
Rv0445c;Rv2939 
Rv0445c;Rv3197A 
Rv0445c;Rv3543c 
Rv0445c;Rv3544c 
Rv0445c;Rv3545c 
Rv0445c;Rv3504 
Rv0445c;Rv3505 
Rv0445c;Rv3550 
Rv0445c;Rv3551 
Rv0445c Rv3552 
Rv0491 ;Rv0350 
Rv0491 ;Rv0351 
Rv0491 ;Rv0352 
Rv0491 ;Rv0353 
Rv0491 ;Rv3132c 
Rv0491;Rv3133c 
Rv0491;Rv3134c 
Rv0491;Rv3197A 
Rv0491;Rv3249c 
Rv0491;Rv3250c 
Rv0491;Rv3251c 
Rv0491;Rv3252c 
Rv0491;Rv3417c 
Rv0491;Rv3418c 
Rv0491;Rv3537 
Rv0491 ;Rv3538 
Rv0818 ;Rv1460 
Rv0818 ;Rv1461 
Rv0818;Rv1462 
Rv0818;Rv1463 
Rv0818;Rv1464 
Rv0818;Rv1465 
Rv0818;Rv1466 
Rv0818;Rv3249c 
Rv0818;Rv3250c 
Rv0818;Rv3251c 
Rv0818;Rv3252c 
Rv0818;Rv3543c 
Rv0818;Rv3544c 
Rv0818 ;Rv3545c 
Rv0823c Rv0551c 
Rv0823c;Rv3550
Rv0823c;Rv3551
Rv0823c Rv3552 
Rv0981 ;Rv0350 
Rv0981;Rv0351 
Rv0981;Rv0352 
Rv0981;Rv0353 
Rv0981;Rv3417c 
Rv0981 ;Rv3418c 
Rv1221 ;Rv0350 
Rv1221 ;Rv0351 
Rv1221 ;Rv0352 
Rv1221 ;Rv0353 
Rv1359 ;Rv1460 
Rv1359 ;Rv1461 
Rv1359 ;Rv1462 
Rv1359;Rv1463 
Rv1359;Rv1464 
Rv1359;Rv1465 
Rv1359;Rv1466 
Rv1359;Rv2930 
Rv1359;Rv2931 
Rv1359;Rv2932 
Rv1359;Rv2933 
Rv1359;Rv2934 
Rv1359;Rv2935 
Rv1359;Rv2936 
Rv1359;Rv2937 
Rv1359;Rv2938 
Rv1359;Rv2939 
Rv1359;Rv3249c 
Rv1359;Rv3250c 
Rv1359;Rv3251c 
Rv1359;Rv3252c 
Rv1359;Rv3504 
Rv1359 ;Rv3505 
Rv1931c Rv1460 
Rv1931c;Rv1461 
Rv1931c;Rv1462 
Rv1931c;Rv1463 
Rv1931c;Rv1464 
Rv1931c;Rv1465 
Rv1931c;Rv1466 
Rv1931c;Rv3550 
Rv1931c;Rv3551 
Rv1931c Rv3552 
Rv1956 ;Rv2930 
Rv1956 ;Rv2931 
Rv1956 ;Rv2932 
Rv1956 ;Rv2933 
Rv1956 ;Rv2934 
Rv1956;Rv2935 
Rv1956;Rv2936 
Rv1956;Rv2937 
Rv1956;Rv2938 
Rv1956;Rv2939 
Rv1956;Rv3197A 
Rv1956;Rv3249c 
Rv1956;Rv3250c 
Rv1956;Rv3251c 
Rv1956;Rv3252c 
Rv1956;Rv3537 
Rv1956;Rv3538 
Rv1956;Rv3543c 
Rv1956;Rv3544c 
Rv1956;Rv3545c 
Rv1956;Rv3550 
Rv1956;Rv3551 
Rv1956 ;Rv3552 
Rv1990c Rv0440 
Rv2017 ;Rv0467 
Rv2017 ;Rv0468 
Rv2017;Rv3132c 
Rv2017;Rv3133c 
Rv2017;Rv3134c 
Rv2017;Rv3543c 
Rv2017;Rv3544c 
Rv2017 ;Rv3545c 
Rv2021c Rv0440 
Rv2021c Rv0551c 
Rv2021c Rv2590 
Rv2021c Rv3417c 
Rv2021c;Rv3418c 
Rv2021c;Rv3537 
Rv2021c Rv3538 
Rv2034 ;Rv0244c 
Rv2034 ;Rv0350 
Rv2034 ;Rv0351 
Rv2034 ;Rv0352 
Rv2034 ;Rv0353 
Rv2034 ;Rv0440 
Rv2034 ;Rv1094 
Rv2034;Rv1907c 
Rv2034;Rv1908c 
Rv2034;Rv1909c 
Rv2034;Rv1910c 
Rv2034;Rv1911c 
Rv2034;Rv1912c 
Rv2034;Rv3197A 
Rv2034;Rv3504 
Rv2034;Rv3505 
Rv2034;Rv3543c 
Rv2034;Rv3544c 
Rv2034 ;Rv3545c 
Rv2175c Rv0469 
Rv2175c;Rv3550 
Rv2175c;Rv3551 
Rv2175c Rv3552 
Rv2669;Rv3132c 
Rv2669;Rv3133c 
Rv2669 ;Rv3134c 
Rv2710;Rv0467;; 
Rv2710  Rv0468 
Rv2710 ;Rv2590 
Rv2745c Rv2930 
Rv2745c;Rv2931 
Rv2745c;Rv2932 
Rv2745c;Rv2933 
Rv2745c;Rv2934 
Rv2745c;Rv2935 
Rv2745c;Rv2936 
Rv2745c;Rv2937 
Rv2745c;Rv2938 
Rv2745c;Rv2939 
Rv2745c;Rv3417c 
Rv2745c Rv3418c 
Rv3133c Rv0350 
Rv3133c Rv0351 
Rv3133c Rv0352 
Rv3133c Rv0353 
Rv3133c;Rv0467 
Rv3133c;Rv0468 
Rv3133c;Rv2590 
Rv3133c;Rv3132c 
Rv3133c;Rv3133c 
Rv3133c;Rv3134c 
Rv3133c;Rv3504 
Rv3133c Rv3505 
Rv3164c Rv2590 
Rv3328c Rv1094 
Rv3334 ;Rv3550 
Rv3334 ;Rv3551 
Rv3334 ;Rv3552 
Rv3414c Rv3417c 
Rv3414c Rv3418c 
Rv3414c Rv3537 
Rv3414c Rv3538 
Rv3416 ;Rv0244c 
Rv3416 ;Rv0350 
Rv3416 ;Rv0351 
Rv3416 ;Rv0352 
Rv3416 ;Rv0353 
Rv3416 ;Rv0467 
Rv3416 ;Rv0468 
Rv3416 ;Rv0469 
Rv3416 ;Rv0551c 
Rv3416 ;Rv1094 
Rv3416 ;Rv1460 
Rv3416 ;Rv1461 
Rv3416 ;Rv1462 
Rv3416 ;Rv1463 
Rv3416;Rv1464 
Rv3416;Rv1465 
Rv3416;Rv1466 
Rv3416;Rv1907c 
Rv3416;Rv1908c 
Rv3416;Rv1909c 
Rv3416;Rv1910c 
Rv3416;Rv1911c 
Rv3416;Rv1912c 
Rv3416;Rv2930 
Rv3416;Rv2931 
Rv3416;Rv2932 
Rv3416;Rv2933 
Rv3416;Rv2934 
Rv3416;Rv2935 
Rv3416;Rv2936 
Rv3416;Rv2937 
Rv3416;Rv2938 
Rv3416;Rv2939 
Rv3416;Rv3197A 
Rv3416;Rv3417c 
Rv3416;Rv3418c 
Rv3416;Rv3504 
Rv3416;Rv3505 
Rv3416;Rv3537 
Rv3416;Rv3538 
Rv3416;Rv3543c 
Rv3416;Rv3544c 
Rv3416;Rv3545c 
Rv3416;Rv3550 
Rv3416;Rv3551 
Rv3416 ;Rv3552 
Rv3557c Rv1094 
Rv3557c;Rv1460 
Rv3557c;Rv1461 
Rv3557c;Rv1462 
Rv3557c;Rv1463 
Rv3557c;Rv1464 
Rv3557c;Rv1465 
Rv3557c Rv1466 
Rv3678c Rv0551c 
Rv3678c Rv2590 
Rv3678c;Rv3417c 
Rv3678c Rv3418c 
Rv3681c;Rv3249c 
Rv3681c;Rv3250c 
Rv3681c;Rv3251c 
Rv3681c Rv3252c 
Rv3692 ;Rv1094 
Rv3692 ;Rv2930 
Rv3692;Rv2931 
Rv3692;Rv2932 
Rv3692;Rv2933 
Rv3692;Rv2934 
Rv3692;Rv2935 
Rv3692;Rv2936 
Rv3692;Rv2937 
Rv3692;Rv2938 
Rv3692;Rv2939 
Rv3692;Rv3132c 
Rv3692;Rv3133c 
Rv3692 ;Rv3134c 
Rv3744 ;Rv0244c 
Rv3833 ;Rv0469 
Rv3833;Rv3132c 
Rv3833;Rv3133c 
Rv3833;Rv3134c
Rv0445c;Rv2031c
Rv2021c;Rv3874
Rv2021c;Rv3875
Rv2034;Rv2031c
Rv2710;Rv3874
Rv2710;Rv3875
Rv3133c;Rv2031c
Rv3414c;Rv3874
Rv3414c;Rv3875
Rv3416;Rv2031c
Rv3678c;Rv2031c
Rv3681c;Rv2031c
Rv0981;Rv0047c
Rv0981;Rv0079
Rv0981;Rv0080
Rv0981;Rv0251c
Rv0981;Rv0262c
Rv0981;Rv0263c
Rv0981;Rv0264c
Rv0981;Rv0342
Rv0981;Rv0343
Rv0981;Rv0465c
Rv0981;Rv0467
Rv0981;Rv0483
Rv0981;Rv0569
Rv0981;Rv0570
Rv0981;Rv0574c
Rv0981;Rv0843
Rv0981;Rv0981
Rv0981;Rv0990c
Rv0981;Rv0991c
Rv0981;Rv1057
Rv0981;Rv1073
Rv0981;Rv1130
Rv0981;Rv1131
Rv0981;Rv1194c
Rv0981;Rv1195
Rv0981;Rv1221
Rv0981;Rv1342c
Rv0981;Rv1343c
Rv0981;Rv1344
Rv0981;Rv1361c
Rv0981;Rv1592c
Rv0981;Rv1736c
Rv0981;Rv1737c
Rv0981;Rv1778c
Rv0981;Rv1806
Rv0981;Rv1807
Rv0981;Rv1811
Rv0981;Rv1813c
Rv0981;Rv2004c
Rv0981;Rv2005c
Rv0981;Rv2007c
Rv0981;Rv2028c
Rv0981;Rv2029c
Rv0981;Rv2030c
Rv0981;Rv2032
Rv0981;Rv2053c
Rv0981;Rv2123
Rv0981;Rv2172c
Rv0981;Rv2225
Rv0981;Rv2396
Rv0981;Rv2428
Rv0981;Rv2429
Rv0981;Rv2623
Rv0981;Rv2624c
Rv0981;Rv2625c
Rv0981;Rv2626c
Rv0981;Rv2627c
Rv0981;Rv2628
Rv0981;Rv2629
Rv0981;Rv2630
Rv0981;Rv2631
Rv0981;Rv2705c
Rv0981;Rv2710
Rv0981;Rv2782c
Rv0981;Rv2930
Rv0981;Rv2931
Rv0981;Rv2932
Rv0981;Rv2933
Rv0981;Rv2934
Rv0981;Rv2936
Rv0981;Rv2937
Rv0981;Rv2938
Rv0981;Rv2940c
Rv0981;Rv3093c
Rv0981;Rv3094c
Rv0981;Rv3135
Rv0981;Rv3137
Rv0981;Rv3139
Rv0981;Rv3140
Rv0981;Rv3354
Rv0981;Rv3403c
Rv0981;Rv3524
Rv0981;Rv3600c
Rv0981;Rv3601c
Rv0981;Rv3602c
Rv0981;Rv3603c
Rv0981;Rv3767c
Rv0981;Rv3862c
Rv0981;Rv3872
Rv0981;Rv3879c
Rv0981;Rv0042c
Rv0981;Rv0118c
Rv0981;Rv0166
Rv0981;Rv0167
Rv0981;Rv0169
Rv0981;Rv0170
Rv0981;Rv0172
Rv0981;Rv0174
Rv0981;Rv0655
Rv0981;Rv0692
Rv0981;Rv0693
Rv0981;Rv0694
Rv0981;Rv0695
Rv0981;Rv0696
Rv0981;Rv0827c
Rv0981;Rv0935
Rv0981;Rv0936
Rv0981;Rv1013
Rv0981;Rv1304
Rv0981;Rv1305
Rv0981;Rv1306
Rv0981;Rv1307
Rv0981;Rv1308
Rv0981;Rv1310
Rv0981;Rv1312
Rv0981;Rv1884c
Rv0981;Rv2074
Rv0981;Rv2391
Rv0981;Rv2392
Rv0981;Rv2393
Rv0981;Rv2485c
Rv0981;Rv2504c
Rv0981;Rv2600
Rv0981;Rv2846c
Rv0981;Rv3149
Rv0981;Rv3152
Rv0981;Rv3153
Rv0981;Rv3154
Rv0981;Rv3155
Rv0981;Rv3157
Rv0981;Rv3269
Rv0981;Rv3582c
Rv0981;Rv3612c
Rv0981;Rv3617
Rv0981;Rv3633
Rv1221;Rv0479c
Rv1221;Rv0896
Rv1221;Rv1630
Rv1221;Rv2094c
Rv1221;Rv2271
Rv1221;Rv2272
Rv1221;Rv2276
Rv1221;Rv2519
Rv1221;Rv2684
Rv1221;Rv2971
Rv1221;Rv3050c
Rv1221;Rv3140
Rv1221;Rv3592
Rv1221;Rv3634c
Rv1221;Rv3767c
Rv1221;Rv3826
Rv1221;Rv0211
Rv1221;Rv0467
Rv1221;Rv0468
Rv1221;Rv0997
Rv1221;Rv1129c
Rv1221;Rv1130
Rv1221;Rv1131
Rv1221;Rv1932
Rv1221;Rv2523c
Rv1221;Rv3269
Rv1221;Rv0009
Rv1221;Rv0058
Rv1221;Rv0108c
Rv1221;Rv0129c
Rv1221;Rv0167
Rv1221;Rv0169
Rv1221;Rv0171
Rv1221;Rv0172
Rv1221;Rv0174
Rv1221;Rv0220
Rv1221;Rv0227c
Rv1221;Rv0287
Rv1221;Rv0347
Rv1221;Rv0455c
Rv1221;Rv0649
Rv1221;Rv0684
Rv1221;Rv0685
Rv1221;Rv0700
Rv1221;Rv0702
Rv1221;Rv0708
Rv1221;Rv0732
Rv1221;Rv0760c
Rv1221;Rv0863
Rv1221;Rv0888
Rv1221;Rv0896
Rv1221;Rv0952
Rv1221;Rv1017c
Rv1221;Rv1037c
Rv1221;Rv1078
Rv1221;Rv1174c
Rv1221;Rv1197
Rv1221;Rv1233c
Rv1221;Rv1297
Rv1221;Rv1304
Rv1221;Rv1306
Rv1221;Rv1310
Rv1221;Rv1387
Rv1221;Rv1388
Rv1221;Rv1398c
Rv1221;Rv1626
Rv1221;Rv1636
Rv1221;Rv1641
Rv1221;Rv1718
Rv1221;Rv1738
Rv1221;Rv1792
Rv1221;Rv1826
Rv1221;Rv1827
Rv1221;Rv1884c
Rv1221;Rv1885c
Rv1221;Rv1886c
Rv1221;Rv1925
Rv1221;Rv1980c
Rv1221;Rv2111c
Rv1221;Rv2185c
Rv1221;Rv2193
Rv1221;Rv2195
Rv1221;Rv2196
Rv1221;Rv2204c
Rv1221;Rv2215
Rv1221;Rv2220
Rv1221;Rv2241
Rv1221;Rv2243
Rv1221;Rv2244
Rv1221;Rv2346c
Rv1221;Rv2347c
Rv1221;Rv2348c
Rv1221;Rv2457c
Rv1221;Rv2485c
Rv1221;Rv2512c
Rv1221;Rv2524c
Rv1221;Rv2633c
Rv1221;Rv2672
Rv1221;Rv2708c
Rv1221;Rv2710
Rv1221;Rv2716
Rv1221;Rv2792c
Rv1221;Rv2927c
Rv1221;Rv2940c
Rv1221;Rv2941
Rv1221;Rv2947c
Rv1221;Rv2950c
Rv1221;Rv2986c
Rv1221;Rv3130c
Rv1221;Rv3205c
Rv1221;Rv3219
Rv1221;Rv3224
Rv1221;Rv3280
Rv1221;Rv3433c
Rv1221;Rv3462c
Rv1221;Rv3477
Rv1221;Rv3614c
Rv1221;Rv3615c
Rv1221;Rv3616c
Rv1221;Rv3620c
Rv1221;Rv3648c
Rv1221;Rv3706c
Rv1221;Rv3773c
Rv1221;Rv3804c
Rv1221;Rv3822
Rv1221;Rv3824c
Rv1221;Rv3846
Rv1221;Rv3852
Rv1221;Rv3865
Rv1221;Rv3874
Rv1221;Rv3875
Rv1221;Rv3914
Rv3286c;Rv1267c
Rv3286c;Rv2884
Rv3286c;Rv0158
Rv3286c;Rv0296c
Rv3286c;Rv1916
Rv3286c;Rv0815c
Rv3286c;Rv2496c
Rv3286c;Rv1310
Rv3286c;Rv0322
Rv3286c;Rv3290c
Rv3286c;Rv2200c
Rv3286c;Rv0542c
Rv3286c;Rv1296
Rv3286c;Rv1469
Rv3286c;Rv3476c
Rv3286c;Rv0419
Rv3286c;Rv1270c
Rv3286c;Rv1252c
Rv3286c;Rv0173
Rv3286c;Rv0202c
Rv3286c;Rv0507
Rv3286c;Rv2400c
Rv3286c;Rv3287c
Rv3286c;Rv0001
Rv3286c;Rv1298
Rv3286c;Rv0003
Rv3286c;Rv0182c
Rv3286c;Rv1536
Rv3286c;Rv2930
Rv3286c;Rv1467c
Rv3286c;Rv1185c
Rv3286c;Rv1825
Rv3286c;Rv3136
Rv3286c;Rv1441c
Rv3286c;Rv1195
Rv3286c;Rv1089
Rv3286c;Rv0890c
Rv3286c;Rv0043c
Rv3286c;Rv3291c
Rv3286c;Rv3164c
Rv3286c;Rv0186
Rv3286c;Rv1652
Rv3286c;Rv0118c
Rv3286c;Rv0866
Rv3286c;Rv2202c
Rv3286c;Rv1511
Rv3286c;Rv1309
Rv3286c;Rv2178c
Rv3286c;Rv1470
Rv3286c;Rv0676c
Rv3286c;Rv1315
Rv3286c;Rv0924c
Rv3286c;Rv1280c
Rv3286c;Rv1281c
Rv3286c;Rv3301c
Rv3286c;Rv1342c
Rv3286c;Rv1302
Rv3286c;Rv1824
Rv3286c;Rv1299
Rv3286c;Rv0652
Rv3286c;Rv1080c
Rv3286c;Rv3286c
Rv3286c;Rv1007c
Rv3286c;Rv1193
Rv3286c;Rv0437c
Rv3286c;Rv1925
Rv3286c;Rv3300c
Rv3286c;Rv0152c
Rv3286c;Rv1646
Rv3286c;Rv1172c
Rv3286c;Rv1823
Rv3286c;Rv1738
Rv3286c;Rv2919c
Rv3286c;Rv1853
Rv3911;Rv0885
Rv3911;Rv1180
Rv3911;Rv2246
Rv3911;Rv2247
Rv3911;Rv2524c
Rv3911;Rv2931
Rv3911;Rv2932
Rv3911;Rv2933
Rv3911;Rv2934
Rv3911;Rv2935
Rv3911;Rv2938
Rv3911;Rv2940c
Rv3911;Rv3130c
Rv3911;Rv3131
Rv3911;Rv3134c
Rv3911;Rv3135
Rv3911;Rv3136
Rv3911;Rv3137
Rv3911;Rv3478
Rv3911;Rv3616c
Rv3911;Rv3825c
Rv3911;Rv0098
Rv3911;Rv0099
Rv3911;Rv0100
Rv3911;Rv1361c
Rv3911;Rv1457c
Rv3911;Rv2514c
Rv3911;Rv2515c
Rv3911;Rv3396c
Rv3911;Rv3422c
Rv3911;Rv3439c
Rv3911;Rv3440c
Rv3911;Rv3443c
Rv3911;Rv3444c
Rv3911;Rv3445c
Rv3911;Rv3904c
Rv3911;Rv3905c
Rv3911;Rv3906c
Rv3911;Rv3907c
Rv3911;Rv3911
Rv3911;Rv0096
Rv3911;Rv3235
Rv3911;Rv2562
Rv0182c;Rv1815
Rv0182c;Rv1884c
Rv0182c;Rv3223c
Rv0182c;Rv2466c
Rv0182c;Rv0251c
Rv0182c;Rv0753c
Rv0182c;Rv3290c
Rv0182c;Rv0467
Rv0182c;Rv0244c
Rv0182c;Rv2497c
Rv0182c;Rv0384c
Rv0182c;Rv0654
Rv0182c;Rv2504c
Rv0182c;Rv0188
Rv0182c;Rv0752c
Rv0182c;Rv0211
Rv0182c;Rv0754
Rv0182c;Rv0351
Rv0182c;Rv0213c
Rv0182c;Rv0751c
Rv0182c;Rv3102c
Rv0182c;Rv0653c
Rv0182c;Rv0219
Rv0182c;Rv3266c
Rv0182c;Rv0081
Rv0182c;Rv0604
Rv0182c;Rv0117
Rv0182c;Rv3140
Rv0182c;Rv0969
Rv0182c;Rv0075
Rv0182c;Rv0551c
Rv0182c;Rv0217c
Rv0182c;Rv1854c
Rv0182c;Rv0989c
Rv0182c;Rv1105
Rv0182c;Rv0105c
Rv0182c;Rv0971c
Rv0182c;Rv1622c
Rv0182c;Rv0267
Rv0182c;Rv3414c
Rv0182c;Rv3286c
Rv0182c;Rv2720
Rv0182c;Rv0966
Rv2710;Rv0440
Rv2710;Rv3418c
Rv2710;Rv2612c
Rv2710;Rv1925
Rv2710;Rv2245
Rv2710;Rv1822
Rv2710;Rv2934
Rv2710;Rv2710
Rv2710;Rv3056
Rv2710;Rv2836c
Rv2710;Rv0709
Rv2710;Rv0685
Rv2710;Rv3053c
Rv2710;Rv0701
Rv2710;Rv0641
Rv2710;Rv2904c
Rv2710;Rv1080c
Rv2710;Rv1398c
Rv2710;Rv2625c
Rv2710;Rv0463
Rv2710;Rv1792
Rv2710;Rv2145c
Rv2710;Rv2115c
Rv2710;Rv0638
Rv2710;Rv2198c
Rv2710;Rv1410c
Rv2710;Rv2287
Rv2710;Rv0559c
Rv2710;Rv1845c
Rv2710;Rv2446c
Rv2710;Rv2206
Rv2710;Rv2136c
Rv2710;Rv0383c
Rv2710;Rv2586c
Rv2710;Rv2978c
Rv2710;Rv3514
Rv2710;Rv3508
Rv2710;Rv2591
Rv2710;Rv0442c
Rv2710;Rv0872c
Rv2710;Rv3136
Rv2710;Rv2490c
Rv2710;Rv1818c
Rv2710;Rv3022c
Rv2710;Rv2162c
Rv2710;Rv1400c
Rv2710;Rv2202c
Rv2710;Rv1595
Rv2710;Rv1611
Rv2710;Rv2200c
Rv2710;Rv1596
Rv2710;Rv2130c
Rv2710;Rv1872c
Rv2710;Rv2970c
Rv2710;Rv2850c
Rv2710;Rv2178c
Rv2710;Rv1412
Rv2710;Rv2110c
Rv2710;Rv1046c
Rv2710;Rv3260c
Rv2710;Rv2204c
Rv2710;Rv2137c
Rv2710;Rv2111c
Rv2710;Rv1827
Rv2710;Rv2182c
Rv2710;Rv2974c
Rv2710;Rv2132
Rv2710;Rv1211
Rv2710;Rv0863
Rv2710;Rv1429
Rv2710;Rv0637
Rv2710;Rv0750
Rv2710;Rv2710
Rv3286c;Rv3286c
Rv3286c;Rv0009
Rv3286c;Rv0360c
Rv3286c;Rv0430
Rv3286c;Rv2069
Rv3676;Rv1552
Rv3676;Rv0951
Rv3676;Rv1810
Rv3676;Rv0993
Rv3676;Rv0104
Rv3676;Rv3645
Rv3676;Rv2918c
Rv3676;Rv0103c
Rv3676;Rv2591
Rv3676;Rv2700
Rv3676;Rv0905
Rv3676;Rv1185c
Rv3676;Rv0885
Rv3676;Rv0884c
Rv3676;Rv0992c
Rv3676;Rv1581c
Rv3676;Rv0950c
Rv3676;Rv2699c
Rv3676;Rv0904c
Rv3676;Rv2336
Rv3676;Rv1159
Rv3676;Rv2650c
Rv3676;Rv1158c
Rv3676;Rv0019c
Rv3676;Rv2408
Rv3676;Rv0643c
Rv3676;Rv1230c
Rv3676;Rv1566c
Rv3676;Rv1759c
Rv3676;Rv1760
Rv3676;Rv3650
Rv3676;Rv2407
Rv3676;Rv2406c
Rv3676;Rv3113
Rv3676;Rv3505
Rv3676;Rv3031
Rv3676;Rv3323c
Rv3676;Rv0453
Rv3676;Rv3617
Rv3676;Rv1386
Rv3676;Rv0520
Rv3676;Rv2495c
Rv3676;Rv0452
Rv3676;Rv3690
Rv0465c;Rv0465c
Rv0465c;Rv0467
Rv0465c;Rv0464c
Rv0465c;Rv2299c
Rv3849;Rv1981c
Rv3849;Rv1854c
Rv3849;Rv1982c
Rv3849;Rv3612c
Rv3849;Rv3613c
Rv3849;Rv3614c
Rv3849;Rv3615c
Rv3849;Rv3616c
Rv3849;Rv0888
Rv3849;Rv1002c
Rv3849;Rv1817
Rv3849;Rv2008c
Rv3291c;Rv0714
Rv3291c;Rv0932c
Rv3291c;Rv0933
Rv3291c;Rv1305
Rv3291c;Rv1308
Rv3291c;Rv2400c
Rv3291c;Rv2584c
Rv3291c;Rv2661c
Rv3291c;Rv2663
Rv3291c;Rv3145
Rv3291c;Rv3260c
Rv3291c;Rv3290c
Rv3291c;Rv3415c
Rv3291c;Rv3825c
Rv3291c;Rv3919c
Rv1675c;Rv1265
Rv1675c;Rv2971
Rv1675c;Rv1240
Rv1675c;Rv0440
Rv1675c;Rv0532
Rv3911;Rv0035
Rv3911;Rv0313
Rv3911;Rv0479c
Rv3911;Rv0685
Rv3911;Rv3092c
Rv3911;Rv3093c
Rv3911;Rv3094c
Rv3911;Rv3095
Rv3911;Rv3439c
Rv3911;Rv3440c
Rv3911;Rv3444c
Rv3911;Rv3445c
Rv3911;Rv3447c
Rv3911;Rv3449
Rv3911;Rv3904c
Rv3911;Rv3905c
Rv3911;Rv3906c
Rv3911;Rv3911
Rv3911;Rv0651
Rv3911;Rv2009
Rv3911;Rv2053c
Rv3911;Rv2905
Rv3911;Rv2989
Rv3911;Rv3448
Rv3911;Rv3907c
Rv0576;Rv0576
Rv0576;Rv0577
Rv2711;Rv0116c
Rv2711;Rv0138
Rv2711;Rv0145
Rv2711;Rv0282
Rv2711;Rv0283
Rv2711;Rv0284
Rv2711;Rv0285
Rv2711;Rv0286
Rv2711;Rv0287
Rv2711;Rv0288
Rv2711;Rv0289
Rv2711;Rv0290
Rv2711;Rv0291
Rv2711;Rv0292
Rv2711;Rv0333
Rv2711;Rv0450c
Rv2711;Rv0451c
Rv2711;Rv0587
Rv2711;Rv0766c
Rv2711;Rv1130
Rv2711;Rv1221
Rv2711;Rv1343c
Rv2711;Rv1344
Rv2711;Rv1345
Rv2711;Rv1346
Rv2711;Rv1347c
Rv2711;Rv1348
Rv2711;Rv1349
Rv2711;Rv1351
Rv2711;Rv1387
Rv2711;Rv1519
Rv2711;Rv2037c
Rv2711;Rv2039c
Rv2711;Rv2122c
Rv2711;Rv2123
Rv2711;Rv2377c
Rv2711;Rv2378c
Rv2711;Rv2379c
Rv2711;Rv2380c
Rv2711;Rv2381c
Rv2711;Rv2382c
Rv2711;Rv2383c
Rv2711;Rv2384
Rv2711;Rv2385
Rv2711;Rv2386c
Rv2711;Rv2428
Rv2711;Rv2429
Rv2711;Rv2710
Rv2711;Rv3010c
Rv2711;Rv3019c
Rv2711;Rv3020c
Rv2711;Rv3140
Rv2711;Rv3178
Rv2711;Rv3402c
Rv2711;Rv3403c
Rv2711;Rv3839
Rv2711;Rv3840
Rv2711;Rv0009
Rv2711;Rv0010c
Rv2711;Rv0096
Rv2711;Rv0338c
Rv2711;Rv0619
Rv2711;Rv1013
Rv2711;Rv1726
Rv2711;Rv1738
Rv2711;Rv1876
Rv2711;Rv1996
Rv2711;Rv3126c
Rv2711;Rv3130c
Rv2711;Rv3841
Rv2711;Rv1152
Rv0967;Rv0967
Rv0967;Rv0968
Rv0967;Rv0969
Rv0967;Rv0970
Rv1379;Rv1380
Rv1379;Rv1381
Rv1379;Rv1383
Rv1379;Rv1384
Rv1379;Rv1385
Rv1379;Rv1379
Rv0981;Rv0981
Rv0981;Rv0982
Rv0981;Rv0983
Rv3082c;Rv3083
Rv3082c;Rv3084
Rv3082c;Rv3085
Rv3082c;Rv3086
Rv3082c;Rv3087
Rv3082c;Rv3088
Rv3082c;Rv3089
Rv3082c;Rv3082c
Rv1963c;Rv1930c
Rv1963c;Rv1931c
Rv1963c;Rv1933c
Rv1963c;Rv1934c
Rv1963c;Rv1935c
Rv1963c;Rv1937
Rv1963c;Rv1938
Rv1963c;Rv1939
Rv1963c;Rv1940
Rv1963c;Rv1941
Rv1963c;Rv1942c
Rv1963c;Rv1943c
Rv1963c;Rv1964
Rv1963c;Rv1965
Rv1963c;Rv1967
Rv1963c;Rv1970
Rv1963c;Rv1971
Rv1963c;Rv1972
Rv1963c;Rv1973
Rv1963c;Rv1975
Rv1963c;Rv1936
Rv1963c;Rv1498
Rv1963c;Rv2315
Rv1963c;Rv0234c
Rv1963c;Rv1323
Rv1963c;Rv0046c
Rv1963c;Rv1416
Rv3574;Rv0162c
Rv3574;Rv1426c
Rv3574;Rv1427c
Rv3574;Rv1428c
Rv3574;Rv0223c
Rv3574;Rv0551c
Rv3574;Rv0687
Rv3574;Rv2800
Rv3574;Rv2799
Rv3574;Rv2669
Rv3574;Rv2668
Rv3574;Rv1894c
Rv3574;Rv1627c
Rv3574;Rv1628c
Rv3574;Rv1132
Rv3574;Rv1106c
Rv3574;Rv1059
Rv3574;Rv0953c
Rv3574;Rv0927c
Rv3574;Rv0926c
Rv3574;Rv3492c
Rv3574;Rv3493c
Rv3574;Rv3494c
Rv3574;Rv3495c
Rv3574;Rv3496c
Rv3574;Rv3497c
Rv3574;Rv3498c
Rv3574;Rv3499c
Rv3574;Rv3500c
Rv3574;Rv3501c
Rv3574;Rv3502c
Rv3574;Rv3503c
Rv3574;Rv3504
Rv3574;Rv3505
Rv3574;Rv3506
Rv3574;Rv3515c
Rv3574;Rv3516
Rv3574;Rv3518c
Rv3574;Rv3519
Rv3574;Rv3520c
Rv3574;Rv3522
Rv3574;Rv3523
Rv3574;Rv3526
Rv3574;Rv3527
Rv3574;Rv3529c
Rv3574;Rv3530c
Rv3574;Rv3531c
Rv3574;Rv3534c
Rv3574;Rv3535c
Rv3574;Rv3536c
Rv3574;Rv3537
Rv3574;Rv3538
Rv3574;Rv3541c
Rv3574;Rv3542c
Rv3574;Rv3543c
Rv3574;Rv3544c
Rv3574;Rv3545c
Rv3574;Rv3546
Rv3574;Rv3547
Rv3574;Rv3567c
Rv3574;Rv3568c
Rv3574;Rv3569c
Rv3574;Rv3570c
Rv3574;Rv3571
Rv3574;Rv3572
Rv3574;Rv3573c
Rv3574;Rv3574
Rv3574;Rv0139
Rv3574;Rv0138
Rv3574;Rv0940c
Rv3574;Rv1629
Rv3574;Rv3525c
Rv3574;Rv0552
Rv3574;Rv0954
Rv3574;Rv1895
Rv3574;Rv3521
Rv3574;Rv3532
Rv0485;Rv1047
Rv0485;Rv1195
Rv0485;Rv1196
Rv0485;Rv1284
Rv0485;Rv1998c
Rv0485;Rv2625c
Rv0485;Rv2626c
Rv0485;Rv3132c
Rv0485;Rv0485
Rv0485;Rv2391
Rv0485;Rv2392
Rv0485;Rv2393
Rv0485;Rv2394
Rv1846c;Rv1846c
Rv1846c;Rv1847
Rv1846c;Rv2068c
Rv1846c;Rv2069
Rv1846c;Rv1456c
Rv1846c;Rv1303
Rv1846c;Rv1304
Rv1846c;Rv1305
Rv1846c;Rv1306
Rv1846c;Rv1307
Rv1846c;Rv1308
Rv1846c;Rv1309
Rv1846c;Rv1310
Rv1846c;Rv1311
Rv1846c;Rv1312
Rv1846c;Rv3921c
